{
    "name": "root",
    "gauges": {
        "Hallway.Policy.Entropy.mean": {
            "value": 0.6241180300712585,
            "min": 0.5239427089691162,
            "max": 1.1169052124023438,
            "count": 166
        },
        "Hallway.Policy.Entropy.sum": {
            "value": 6206.2294921875,
            "min": 384.7792053222656,
            "max": 11106.5048828125,
            "count": 166
        },
        "Hallway.Goal.Correct.mean": {
            "value": 0.4019370460048426,
            "min": 0.15384615384615385,
            "max": 0.43444730077120824,
            "count": 166
        },
        "Hallway.Goal.Correct.sum": {
            "value": 166.0,
            "min": 2.0,
            "max": 193.0,
            "count": 166
        },
        "Hallway.Goal.Wrong.mean": {
            "value": 0.24695121951219512,
            "min": 0.08333333333333333,
            "max": 0.3619047619047619,
            "count": 166
        },
        "Hallway.Goal.Wrong.sum": {
            "value": 81.0,
            "min": 1.0,
            "max": 119.0,
            "count": 166
        },
        "Hallway.Environment.EpisodeLength.mean": {
            "value": 40.643153526970956,
            "min": 37.0,
            "max": 72.07246376811594,
            "count": 166
        },
        "Hallway.Environment.EpisodeLength.sum": {
            "value": 9795.0,
            "min": 118.0,
            "max": 10333.0,
            "count": 166
        },
        "Hallway.Step.mean": {
            "value": 2049991.0,
            "min": 399980.0,
            "max": 2049991.0,
            "count": 166
        },
        "Hallway.Step.sum": {
            "value": 2049991.0,
            "min": 399980.0,
            "max": 2049991.0,
            "count": 166
        },
        "Hallway.Policy.ExtrinsicValueEstimate.mean": {
            "value": 0.49956318736076355,
            "min": 0.25118497014045715,
            "max": 0.580623984336853,
            "count": 166
        },
        "Hallway.Policy.ExtrinsicValueEstimate.sum": {
            "value": 128.88729858398438,
            "min": 0.6465235948562622,
            "max": 153.28472900390625,
            "count": 166
        },
        "Hallway.Environment.CumulativeReward.mean": {
            "value": 0.553792532456119,
            "min": 0.27457861602306366,
            "max": 0.6583196353762661,
            "count": 166
        },
        "Hallway.Environment.CumulativeReward.sum": {
            "value": 133.4640003219247,
            "min": 0.7519999742507935,
            "max": 163.10600040853024,
            "count": 166
        },
        "Hallway.Policy.ExtrinsicReward.mean": {
            "value": 0.553792532456119,
            "min": 0.27457861602306366,
            "max": 0.6583196353762661,
            "count": 166
        },
        "Hallway.Policy.ExtrinsicReward.sum": {
            "value": 133.4640003219247,
            "min": 0.7519999742507935,
            "max": 163.10600040853024,
            "count": 166
        },
        "Hallway.IsTraining.mean": {
            "value": 1.0,
            "min": 1.0,
            "max": 1.0,
            "count": 166
        },
        "Hallway.IsTraining.sum": {
            "value": 1.0,
            "min": 1.0,
            "max": 1.0,
            "count": 166
        },
        "Hallway.Losses.PolicyLoss.mean": {
            "value": 0.6008478362565963,
            "min": 0.51044632091772,
            "max": 0.6291194378695906,
            "count": 165
        },
        "Hallway.Losses.PolicyLoss.sum": {
            "value": 9.012717543848945,
            "min": 6.635802171930361,
            "max": 9.616985028105168,
            "count": 165
        },
        "Hallway.Losses.ValueLoss.mean": {
            "value": 0.04286888731908725,
            "min": 0.03162122155312578,
            "max": 0.05479866649257019,
            "count": 165
        },
        "Hallway.Losses.ValueLoss.sum": {
            "value": 0.6430333097863088,
            "min": 0.4297126807020201,
            "max": 0.8219799973885529,
            "count": 165
        },
        "Hallway.Policy.LearningRate.mean": {
            "value": 0.00023865235844922064,
            "min": 0.00023865235844922064,
            "max": 0.0002878443502057308,
            "count": 165
        },
        "Hallway.Policy.LearningRate.sum": {
            "value": 0.0035797853767383096,
            "min": 0.00317649717116769,
            "max": 0.00428628811123732,
            "count": 165
        },
        "Hallway.Policy.Epsilon.mean": {
            "value": 0.17955077933333333,
            "min": 0.17955077933333333,
            "max": 0.1959481153846154,
            "count": 165
        },
        "Hallway.Policy.Epsilon.sum": {
            "value": 2.69326169,
            "min": 2.3588323100000004,
            "max": 2.9831925100000003,
            "count": 165
        },
        "Hallway.Policy.Beta.mean": {
            "value": 0.023867278722066666,
            "min": 0.023867278722066666,
            "max": 0.028784839803846156,
            "count": 165
        },
        "Hallway.Policy.Beta.sum": {
            "value": 0.358009180831,
            "min": 0.317673809769,
            "max": 0.42863592773200004,
            "count": 165
        }
    },
    "metadata": {
        "timer_format_version": "0.1.0",
        "start_time_seconds": "1696411535",
        "python_version": "3.9.16 (main, Mar  1 2023, 18:30:21) [MSC v.1916 64 bit (AMD64)]",
        "command_line_arguments": "C:\\Users\\Jorge Costa\\.conda\\envs\\mlagents\\Scripts\\mlagents-learn Assets\\Resources\\Hallway.yml --run-id=hallway --resume",
        "mlagents_version": "0.30.0",
        "mlagents_envs_version": "0.30.0",
        "communication_protocol_version": "1.5.0",
        "pytorch_version": "1.13.1",
        "numpy_version": "1.23.5",
        "end_time_seconds": "1696416169"
    },
    "total": 4634.5018346,
    "count": 1,
    "self": 0.004967199999555305,
    "children": {
        "run_training.setup": {
            "total": 0.08517180000000013,
            "count": 1,
            "self": 0.08517180000000013
        },
        "TrainerController.start_learning": {
            "total": 4634.4116956,
            "count": 1,
            "self": 3.883481100056997,
            "children": {
                "TrainerController._reset_env": {
                    "total": 8.3347558,
                    "count": 1,
                    "self": 8.3347558
                },
                "TrainerController.advance": {
                    "total": 4622.073587899943,
                    "count": 234290,
                    "self": 3.6583978999196916,
                    "children": {
                        "env_step": {
                            "total": 3657.9016616000363,
                            "count": 234290,
                            "self": 3052.892333600328,
                            "children": {
                                "SubprocessEnvManager._take_step": {
                                    "total": 602.6279817998776,
                                    "count": 234290,
                                    "self": 11.001583599991477,
                                    "children": {
                                        "TorchPolicy.evaluate": {
                                            "total": 591.6263981998861,
                                            "count": 206417,
                                            "self": 591.6263981998861
                                        }
                                    }
                                },
                                "workers": {
                                    "total": 2.381346199830542,
                                    "count": 234289,
                                    "self": 0.0,