{"count":1,"self":212.26063359999998,"total":214.5237991,"children":{"InitializeActuators":{"count":5,"self":0.0020001,"total":0.0020001,"children":null},"InitializeSensors":{"count":5,"self":0.0025705999999999997,"total":0.0025705999999999997,"children":null},"RayPerceptionSensor.Perceive":{"count":18,"self":0.0009995,"total":0.0009995,"children":null},"AgentSendState":{"count":5721,"self":0.23320059999999998,"total":0.6706207,"children":{"CollectObservations":{"count":1825,"self":0.0060553,"total":0.0060553,"children":null},"WriteActionMask":{"count":1825,"self":0.0070022999999999995,"total":0.0070022999999999995,"children":null},"RequestDecision":{"count":1825,"self":0.41235069999999996,"total":0.4243625,"children":{"RayPerceptionSensor.Perceive":{"count":2338,"self":0.0120118,"total":0.0120118,"children":null}}}}},"DecideAction":{"count":5721,"self":1.4603249999999999,"total":1.4733189999999998,"children":{"RayPerceptionSensor.Perceive":{"count":1312,"self":0.012993999999999999,"total":0.012993999999999999,"children":null}}},"AgentAct":{"count":5721,"self":0.11365109999999999,"total":0.11365109999999999,"children":null}},"gauges":{"RobotWave.CumulativeReward":{"count":5,"max":0,"min":-2.17240477,"runningAverage":-0.732081354,"value":-2.17240477,"weightedAverage":-0.822101533}},"metadata":{"timer_format_version":"0.1.0","start_time_seconds":"1697324606","unity_version":"2022.3.5f1","command_line_arguments":"C:\\Program Files\\Unity\\Hub\\Editor\\2022.3.5f1\\Editor\\Unity.exe -projectpath C:\\Users\\Jorge Costa\\Documents\\Repos\\vinci-unity-mvp-ai -useHub -hubIPC -cloudEnvironment production","communication_protocol_version":"1.5.0","com.unity.ml-agents_version":"2.3.0-exp.3","scene_name":"Academy","end_time_seconds":"1697324821"}}